HadExplanation,CorrectAnswers
NULL,0.47539508649009
0,0.501692235920239
1,0.674289579193475
